number,shape,spread,volumes
b,b,ch,6
b,b,ch,7
b,b,ch,8
d4,cr,ch,9
b,b,ch,10
b,b,ch,11
b,b,ch,12
b,b,ch,13
b,b,ch,14
b,b,ch,34
b,b,ch,35
b,b,ch,36
d3,cr,ch,37
b,b,ch,38
b,b,ch,39
b,b,ch,40
b,b,ch,41
b,b,ch,42
b,b,ch,56
b,b,ch,57
b,b,ch,58
d5,cr,ch,59
b,b,ch,60
b,b,ch,61
b,b,ch,62
b,b,ch,63
b,b,ch,64
b,b,ch,72
b,b,ch,73
b,b,ch,74
d2,cr,ch,75
b,b,ch,76
b,b,ch,77
b,b,ch,78
b,b,ch,79
b,b,ch,80
b,b,ch,94
b,b,ch,95
b,b,ch,96
d1,cr,ch,97
b,b,ch,98
b,b,ch,99
b,b,ch,100
b,b,ch,101
b,b,ch,102
b,b,ch,122
b,b,ch,123
b,b,ch,124
d4,ta,ch,125
b,b,ch,126
b,b,ch,127
b,b,ch,128
b,b,ch,129
b,b,ch,130
b,b,ch,138
b,b,ch,139
b,b,ch,140
d2,ta,ch,141
b,b,ch,142
b,b,ch,143
b,b,ch,144
b,b,ch,145
b,b,ch,146
b,b,ch,160
b,b,ch,161
b,b,ch,162
d5,ta,ch,163
b,b,ch,164
b,b,ch,165
b,b,ch,166
b,b,ch,167
b,b,ch,168
b,b,ch,182
b,b,ch,183
b,b,ch,184
d3,ta,ch,185
b,b,ch,186
b,b,ch,187
b,b,ch,188
b,b,ch,189
b,b,ch,190
b,b,ch,198
b,b,ch,199
b,b,ch,200
d1,ta,ch,201
b,b,ch,202
b,b,ch,203
b,b,ch,204
b,b,ch,205
b,b,ch,206
b,b,ch,226
b,b,ch,227
b,b,ch,228
d4,tp,ch,229
b,b,ch,230
b,b,ch,231
b,b,ch,232
b,b,ch,233
b,b,ch,234
b,b,ch,254
b,b,ch,255
b,b,ch,256
d1,tp,ch,257
b,b,ch,258
b,b,ch,259
b,b,ch,260
b,b,ch,261
b,b,ch,262
b,b,ch,270
b,b,ch,271
b,b,ch,272
d3,tp,ch,273
b,b,ch,274
b,b,ch,275
b,b,ch,276
b,b,ch,277
b,b,ch,278
b,b,ch,298
b,b,ch,299
b,b,ch,300
d2,tp,ch,301
b,b,ch,302
b,b,ch,303
b,b,ch,304
b,b,ch,305
b,b,ch,306
b,b,ch,320
b,b,ch,321
b,b,ch,322
d5,tp,ch,323
b,b,ch,324
b,b,ch,325
b,b,ch,326
b,b,ch,327
b,b,ch,328
b,b,id,348
b,b,id,349
b,b,id,350
d4,cr,id,351
b,b,id,352
b,b,id,353
b,b,id,354
b,b,id,355
b,b,id,356
b,b,id,376
b,b,id,377
b,b,id,378
d3,cr,id,379
b,b,id,380
b,b,id,381
b,b,id,382
b,b,id,383
b,b,id,384
b,b,id,398
b,b,id,399
b,b,id,400
d5,cr,id,401
b,b,id,402
b,b,id,403
b,b,id,404
b,b,id,405
b,b,id,406
b,b,id,414
b,b,id,415
b,b,id,416
d2,cr,id,417
b,b,id,418
b,b,id,419
b,b,id,420
b,b,id,421
b,b,id,422
b,b,id,436
b,b,id,437
b,b,id,438
d1,cr,id,439
b,b,id,440
b,b,id,441
b,b,id,442
b,b,id,443
b,b,id,444
b,b,id,464
b,b,id,465
b,b,id,466
d4,ta,id,467
b,b,id,468
b,b,id,469
b,b,id,470
b,b,id,471
b,b,id,472
b,b,id,480
b,b,id,481
b,b,id,482
d2,ta,id,483
b,b,id,484
b,b,id,485
b,b,id,486
b,b,id,487
b,b,id,488
b,b,id,502
b,b,id,503
b,b,id,504
d5,ta,id,505
b,b,id,506
b,b,id,507
b,b,id,508
b,b,id,509
b,b,id,510
b,b,id,524
b,b,id,525
b,b,id,526
d3,ta,id,527
b,b,id,528
b,b,id,529
b,b,id,530
b,b,id,531
b,b,id,532
b,b,id,540
b,b,id,541
b,b,id,542
d1,ta,id,543
b,b,id,544
b,b,id,545
b,b,id,546
b,b,id,547
b,b,id,548
b,b,id,568
b,b,id,569
b,b,id,570
d4,tp,id,571
b,b,id,572
b,b,id,573
b,b,id,574
b,b,id,575
b,b,id,576
b,b,id,596
b,b,id,597
b,b,id,598
d1,tp,id,599
b,b,id,600
b,b,id,601
b,b,id,602
b,b,id,603
b,b,id,604
b,b,id,612
b,b,id,613
b,b,id,614
d3,tp,id,615
b,b,id,616
b,b,id,617
b,b,id,618
b,b,id,619
b,b,id,620
b,b,id,640
b,b,id,641
b,b,id,642
d2,tp,id,643
b,b,id,644
b,b,id,645
b,b,id,646
b,b,id,647
b,b,id,648
b,b,id,662
b,b,id,663
b,b,id,664
d5,tp,id,665
b,b,id,666
b,b,id,667
b,b,id,668
b,b,id,669
b,b,id,670
b,b,ch,690
b,b,ch,691
b,b,ch,692
d4,cr,ch,693
b,b,ch,694
b,b,ch,695
b,b,ch,696
b,b,ch,697
b,b,ch,698
b,b,ch,718
b,b,ch,719
b,b,ch,720
d3,cr,ch,721
b,b,ch,722
b,b,ch,723
b,b,ch,724
b,b,ch,725
b,b,ch,726
b,b,ch,740
b,b,ch,741
b,b,ch,742
d5,cr,ch,743
b,b,ch,744
b,b,ch,745
b,b,ch,746
b,b,ch,747
b,b,ch,748
b,b,ch,756
b,b,ch,757
b,b,ch,758
d2,cr,ch,759
b,b,ch,760
b,b,ch,761
b,b,ch,762
b,b,ch,763
b,b,ch,764
b,b,ch,778
b,b,ch,779
b,b,ch,780
d1,cr,ch,781
b,b,ch,782
b,b,ch,783
b,b,ch,784
b,b,ch,785
b,b,ch,786
b,b,ch,806
b,b,ch,807
b,b,ch,808
d4,ta,ch,809
b,b,ch,810
b,b,ch,811
b,b,ch,812
b,b,ch,813
b,b,ch,814
b,b,ch,822
b,b,ch,823
b,b,ch,824
d2,ta,ch,825
b,b,ch,826
b,b,ch,827
b,b,ch,828
b,b,ch,829
b,b,ch,830
b,b,ch,844
b,b,ch,845
b,b,ch,846
d5,ta,ch,847
b,b,ch,848
b,b,ch,849
b,b,ch,850
b,b,ch,851
b,b,ch,852
b,b,ch,866
b,b,ch,867
b,b,ch,868
d3,ta,ch,869
b,b,ch,870
b,b,ch,871
b,b,ch,872
b,b,ch,873
b,b,ch,874
b,b,ch,882
b,b,ch,883
b,b,ch,884
d1,ta,ch,885
b,b,ch,886
b,b,ch,887
b,b,ch,888
b,b,ch,889
b,b,ch,890
b,b,ch,910
b,b,ch,911
b,b,ch,912
d4,tp,ch,913
b,b,ch,914
b,b,ch,915
b,b,ch,916
b,b,ch,917
b,b,ch,918
b,b,ch,938
b,b,ch,939
b,b,ch,940
d1,tp,ch,941
b,b,ch,942
b,b,ch,943
b,b,ch,944
b,b,ch,945
b,b,ch,946
b,b,ch,954
b,b,ch,955
b,b,ch,956
d3,tp,ch,957
b,b,ch,958
b,b,ch,959
b,b,ch,960
b,b,ch,961
b,b,ch,962
b,b,ch,982
b,b,ch,983
b,b,ch,984
d2,tp,ch,985
b,b,ch,986
b,b,ch,987
b,b,ch,988
b,b,ch,989
b,b,ch,990
b,b,ch,1004
b,b,ch,1005
b,b,ch,1006
d5,tp,ch,1007
b,b,ch,1008
b,b,ch,1009
b,b,ch,1010
b,b,ch,1011
b,b,ch,1012
b,b,id,1032
b,b,id,1033
b,b,id,1034
d4,cr,id,1035
b,b,id,1036
b,b,id,1037
b,b,id,1038
b,b,id,1039
b,b,id,1040
b,b,id,1060
b,b,id,1061
b,b,id,1062
d3,cr,id,1063
b,b,id,1064
b,b,id,1065
b,b,id,1066
b,b,id,1067
b,b,id,1068
b,b,id,1082
b,b,id,1083
b,b,id,1084
d5,cr,id,1085
b,b,id,1086
b,b,id,1087
b,b,id,1088
b,b,id,1089
b,b,id,1090
b,b,id,1098
b,b,id,1099
b,b,id,1100
d2,cr,id,1101
b,b,id,1102
b,b,id,1103
b,b,id,1104
b,b,id,1105
b,b,id,1106
b,b,id,1120
b,b,id,1121
b,b,id,1122
d1,cr,id,1123
b,b,id,1124
b,b,id,1125
b,b,id,1126
b,b,id,1127
b,b,id,1128
b,b,id,1148
b,b,id,1149
b,b,id,1150
d4,ta,id,1151
b,b,id,1152
b,b,id,1153
b,b,id,1154
b,b,id,1155
b,b,id,1156
b,b,id,1164
b,b,id,1165
b,b,id,1166
d2,ta,id,1167
b,b,id,1168
b,b,id,1169
b,b,id,1170
b,b,id,1171
b,b,id,1172
b,b,id,1186
b,b,id,1187
b,b,id,1188
d5,ta,id,1189
b,b,id,1190
b,b,id,1191
b,b,id,1192
b,b,id,1193
b,b,id,1194
b,b,id,1208
b,b,id,1209
b,b,id,1210
d3,ta,id,1211
b,b,id,1212
b,b,id,1213
b,b,id,1214
b,b,id,1215
b,b,id,1216
b,b,id,1224
b,b,id,1225
b,b,id,1226
d1,ta,id,1227
b,b,id,1228
b,b,id,1229
b,b,id,1230
b,b,id,1231
b,b,id,1232
b,b,id,1252
b,b,id,1253
b,b,id,1254
d4,tp,id,1255
b,b,id,1256
b,b,id,1257
b,b,id,1258
b,b,id,1259
b,b,id,1260
b,b,id,1280
b,b,id,1281
b,b,id,1282
d1,tp,id,1283
b,b,id,1284
b,b,id,1285
b,b,id,1286
b,b,id,1287
b,b,id,1288
b,b,id,1296
b,b,id,1297
b,b,id,1298
d3,tp,id,1299
b,b,id,1300
b,b,id,1301
b,b,id,1302
b,b,id,1303
b,b,id,1304
b,b,id,1324
b,b,id,1325
b,b,id,1326
d2,tp,id,1327
b,b,id,1328
b,b,id,1329
b,b,id,1330
b,b,id,1331
b,b,id,1332
b,b,id,1346
b,b,id,1347
b,b,id,1348
d5,tp,id,1349
b,b,id,1350
b,b,id,1351
b,b,id,1352
b,b,id,1353
b,b,id,1354
b,b,ch,1374
b,b,ch,1375
b,b,ch,1376
d4,cr,ch,1377
b,b,ch,1378
b,b,ch,1379
b,b,ch,1380
b,b,ch,1381
b,b,ch,1382
b,b,ch,1402
b,b,ch,1403
b,b,ch,1404
d3,cr,ch,1405
b,b,ch,1406
b,b,ch,1407
b,b,ch,1408
b,b,ch,1409
b,b,ch,1410
b,b,ch,1424
b,b,ch,1425
b,b,ch,1426
d5,cr,ch,1427
b,b,ch,1428
b,b,ch,1429
b,b,ch,1430
b,b,ch,1431
b,b,ch,1432
b,b,ch,1440
b,b,ch,1441
b,b,ch,1442
d2,cr,ch,1443
b,b,ch,1444
b,b,ch,1445
b,b,ch,1446
b,b,ch,1447
b,b,ch,1448
b,b,ch,1462
b,b,ch,1463
b,b,ch,1464
d1,cr,ch,1465
b,b,ch,1466
b,b,ch,1467
b,b,ch,1468
b,b,ch,1469
b,b,ch,1470
b,b,ch,1490
b,b,ch,1491
b,b,ch,1492
d4,ta,ch,1493
b,b,ch,1494
b,b,ch,1495
b,b,ch,1496
b,b,ch,1497
b,b,ch,1498
b,b,ch,1506
b,b,ch,1507
b,b,ch,1508
d2,ta,ch,1509
b,b,ch,1510
b,b,ch,1511
b,b,ch,1512
b,b,ch,1513
b,b,ch,1514
b,b,ch,1528
b,b,ch,1529
b,b,ch,1530
d5,ta,ch,1531
b,b,ch,1532
b,b,ch,1533
b,b,ch,1534
b,b,ch,1535
b,b,ch,1536
b,b,ch,1550
b,b,ch,1551
b,b,ch,1552
d3,ta,ch,1553
b,b,ch,1554
b,b,ch,1555
b,b,ch,1556
b,b,ch,1557
b,b,ch,1558
b,b,ch,1566
b,b,ch,1567
b,b,ch,1568
d1,ta,ch,1569
b,b,ch,1570
b,b,ch,1571
b,b,ch,1572
b,b,ch,1573
b,b,ch,1574
b,b,ch,1594
b,b,ch,1595
b,b,ch,1596
d4,tp,ch,1597
b,b,ch,1598
b,b,ch,1599
b,b,ch,1600
b,b,ch,1601
b,b,ch,1602
b,b,ch,1622
b,b,ch,1623
b,b,ch,1624
d1,tp,ch,1625
b,b,ch,1626
b,b,ch,1627
b,b,ch,1628
b,b,ch,1629
b,b,ch,1630
b,b,ch,1638
b,b,ch,1639
b,b,ch,1640
d3,tp,ch,1641
b,b,ch,1642
b,b,ch,1643
b,b,ch,1644
b,b,ch,1645
b,b,ch,1646
b,b,ch,1666
b,b,ch,1667
b,b,ch,1668
d2,tp,ch,1669
b,b,ch,1670
b,b,ch,1671
b,b,ch,1672
b,b,ch,1673
b,b,ch,1674
b,b,ch,1688
b,b,ch,1689
b,b,ch,1690
d5,tp,ch,1691
b,b,ch,1692
b,b,ch,1693
b,b,ch,1694
b,b,ch,1695
b,b,ch,1696
b,b,id,1716
b,b,id,1717
b,b,id,1718
d4,cr,id,1719
b,b,id,1720
b,b,id,1721
b,b,id,1722
b,b,id,1723
b,b,id,1724
b,b,id,1744
b,b,id,1745
b,b,id,1746
d3,cr,id,1747
b,b,id,1748
b,b,id,1749
b,b,id,1750
b,b,id,1751
b,b,id,1752
b,b,id,1766
b,b,id,1767
b,b,id,1768
d5,cr,id,1769
b,b,id,1770
b,b,id,1771
b,b,id,1772
b,b,id,1773
b,b,id,1774
b,b,id,1782
b,b,id,1783
b,b,id,1784
d2,cr,id,1785
b,b,id,1786
b,b,id,1787
b,b,id,1788
b,b,id,1789
b,b,id,1790
b,b,id,1804
b,b,id,1805
b,b,id,1806
d1,cr,id,1807
b,b,id,1808
b,b,id,1809
b,b,id,1810
b,b,id,1811
b,b,id,1812
b,b,id,1832
b,b,id,1833
b,b,id,1834
d4,ta,id,1835
b,b,id,1836
b,b,id,1837
b,b,id,1838
b,b,id,1839
b,b,id,1840
b,b,id,1848
b,b,id,1849
b,b,id,1850
d2,ta,id,1851
b,b,id,1852
b,b,id,1853
b,b,id,1854
b,b,id,1855
b,b,id,1856
b,b,id,1870
b,b,id,1871
b,b,id,1872
d5,ta,id,1873
b,b,id,1874
b,b,id,1875
b,b,id,1876
b,b,id,1877
b,b,id,1878
b,b,id,1892
b,b,id,1893
b,b,id,1894
d3,ta,id,1895
b,b,id,1896
b,b,id,1897
b,b,id,1898
b,b,id,1899
b,b,id,1900
b,b,id,1908
b,b,id,1909
b,b,id,1910
d1,ta,id,1911
b,b,id,1912
b,b,id,1913
b,b,id,1914
b,b,id,1915
b,b,id,1916
b,b,id,1936
b,b,id,1937
b,b,id,1938
d4,tp,id,1939
b,b,id,1940
b,b,id,1941
b,b,id,1942
b,b,id,1943
b,b,id,1944
b,b,id,1964
b,b,id,1965
b,b,id,1966
d1,tp,id,1967
b,b,id,1968
b,b,id,1969
b,b,id,1970
b,b,id,1971
b,b,id,1972
b,b,id,1980
b,b,id,1981
b,b,id,1982
d3,tp,id,1983
b,b,id,1984
b,b,id,1985
b,b,id,1986
b,b,id,1987
b,b,id,1988
b,b,id,2008
b,b,id,2009
b,b,id,2010
d2,tp,id,2011
b,b,id,2012
b,b,id,2013
b,b,id,2014
b,b,id,2015
b,b,id,2016
b,b,id,2030
b,b,id,2031
b,b,id,2032
d5,tp,id,2033
b,b,id,2034
b,b,id,2035
b,b,id,2036
b,b,id,2037
b,b,id,2038
b,b,ch,2058
b,b,ch,2059
b,b,ch,2060
d4,cr,ch,2061
b,b,ch,2062
b,b,ch,2063
b,b,ch,2064
b,b,ch,2065
b,b,ch,2066
b,b,ch,2086
b,b,ch,2087
b,b,ch,2088
d3,cr,ch,2089
b,b,ch,2090
b,b,ch,2091
b,b,ch,2092
b,b,ch,2093
b,b,ch,2094
b,b,ch,2108
b,b,ch,2109
b,b,ch,2110
d5,cr,ch,2111
b,b,ch,2112
b,b,ch,2113
b,b,ch,2114
b,b,ch,2115
b,b,ch,2116
b,b,ch,2124
b,b,ch,2125
b,b,ch,2126
d2,cr,ch,2127
b,b,ch,2128
b,b,ch,2129
b,b,ch,2130
b,b,ch,2131
b,b,ch,2132
b,b,ch,2146
b,b,ch,2147
b,b,ch,2148
d1,cr,ch,2149
b,b,ch,2150
b,b,ch,2151
b,b,ch,2152
b,b,ch,2153
b,b,ch,2154
b,b,ch,2174
b,b,ch,2175
b,b,ch,2176
d4,ta,ch,2177
b,b,ch,2178
b,b,ch,2179
b,b,ch,2180
b,b,ch,2181
b,b,ch,2182
b,b,ch,2190
b,b,ch,2191
b,b,ch,2192
d2,ta,ch,2193
b,b,ch,2194
b,b,ch,2195
b,b,ch,2196
b,b,ch,2197
b,b,ch,2198
b,b,ch,2212
b,b,ch,2213
b,b,ch,2214
d5,ta,ch,2215
b,b,ch,2216
b,b,ch,2217
b,b,ch,2218
b,b,ch,2219
b,b,ch,2220
b,b,ch,2234
b,b,ch,2235
b,b,ch,2236
d3,ta,ch,2237
b,b,ch,2238
b,b,ch,2239
b,b,ch,2240
b,b,ch,2241
b,b,ch,2242
b,b,ch,2250
b,b,ch,2251
b,b,ch,2252
d1,ta,ch,2253
b,b,ch,2254
b,b,ch,2255
b,b,ch,2256
b,b,ch,2257
b,b,ch,2258
b,b,ch,2278
b,b,ch,2279
b,b,ch,2280
d4,tp,ch,2281
b,b,ch,2282
b,b,ch,2283
b,b,ch,2284
b,b,ch,2285
b,b,ch,2286
b,b,ch,2306
b,b,ch,2307
b,b,ch,2308
d1,tp,ch,2309
b,b,ch,2310
b,b,ch,2311
b,b,ch,2312
b,b,ch,2313
b,b,ch,2314
b,b,ch,2322
b,b,ch,2323
b,b,ch,2324
d3,tp,ch,2325
b,b,ch,2326
b,b,ch,2327
b,b,ch,2328
b,b,ch,2329
b,b,ch,2330
b,b,ch,2350
b,b,ch,2351
b,b,ch,2352
d2,tp,ch,2353
b,b,ch,2354
b,b,ch,2355
b,b,ch,2356
b,b,ch,2357
b,b,ch,2358
b,b,ch,2372
b,b,ch,2373
b,b,ch,2374
d5,tp,ch,2375
b,b,ch,2376
b,b,ch,2377
b,b,ch,2378
b,b,ch,2379
b,b,ch,2380
b,b,id,2400
b,b,id,2401
b,b,id,2402
d4,cr,id,2403
b,b,id,2404
b,b,id,2405
b,b,id,2406
b,b,id,2407
b,b,id,2408
b,b,id,2428
b,b,id,2429
b,b,id,2430
d3,cr,id,2431
b,b,id,2432
b,b,id,2433
b,b,id,2434
b,b,id,2435
b,b,id,2436
b,b,id,2450
b,b,id,2451
b,b,id,2452
d5,cr,id,2453
b,b,id,2454
b,b,id,2455
b,b,id,2456
b,b,id,2457
b,b,id,2458
b,b,id,2466
b,b,id,2467
b,b,id,2468
d2,cr,id,2469
b,b,id,2470
b,b,id,2471
b,b,id,2472
b,b,id,2473
b,b,id,2474
b,b,id,2488
b,b,id,2489
b,b,id,2490
d1,cr,id,2491
b,b,id,2492
b,b,id,2493
b,b,id,2494
b,b,id,2495
b,b,id,2496
b,b,id,2516
b,b,id,2517
b,b,id,2518
d4,ta,id,2519
b,b,id,2520
b,b,id,2521
b,b,id,2522
b,b,id,2523
b,b,id,2524
b,b,id,2532
b,b,id,2533
b,b,id,2534
d2,ta,id,2535
b,b,id,2536
b,b,id,2537
b,b,id,2538
b,b,id,2539
b,b,id,2540
b,b,id,2554
b,b,id,2555
b,b,id,2556
d5,ta,id,2557
b,b,id,2558
b,b,id,2559
b,b,id,2560
b,b,id,2561
b,b,id,2562
b,b,id,2576
b,b,id,2577
b,b,id,2578
d3,ta,id,2579
b,b,id,2580
b,b,id,2581
b,b,id,2582
b,b,id,2583
b,b,id,2584
b,b,id,2592
b,b,id,2593
b,b,id,2594
d1,ta,id,2595
b,b,id,2596
b,b,id,2597
b,b,id,2598
b,b,id,2599
b,b,id,2600
b,b,id,2620
b,b,id,2621
b,b,id,2622
d4,tp,id,2623
b,b,id,2624
b,b,id,2625
b,b,id,2626
b,b,id,2627
b,b,id,2628
b,b,id,2648
b,b,id,2649
b,b,id,2650
d1,tp,id,2651
b,b,id,2652
b,b,id,2653
b,b,id,2654
b,b,id,2655
b,b,id,2656
b,b,id,2664
b,b,id,2665
b,b,id,2666
d3,tp,id,2667
b,b,id,2668
b,b,id,2669
b,b,id,2670
b,b,id,2671
b,b,id,2672
b,b,id,2692
b,b,id,2693
b,b,id,2694
d2,tp,id,2695
b,b,id,2696
b,b,id,2697
b,b,id,2698
b,b,id,2699
b,b,id,2700
b,b,id,2714
b,b,id,2715
b,b,id,2716
d5,tp,id,2717
b,b,id,2718
b,b,id,2719
b,b,id,2720
b,b,id,2721
b,b,id,2722
b,b,ch,2742
b,b,ch,2743
b,b,ch,2744
d4,cr,ch,2745
b,b,ch,2746
b,b,ch,2747
b,b,ch,2748
b,b,ch,2749
b,b,ch,2750
b,b,ch,2770
b,b,ch,2771
b,b,ch,2772
d3,cr,ch,2773
b,b,ch,2774
b,b,ch,2775
b,b,ch,2776
b,b,ch,2777
b,b,ch,2778
b,b,ch,2792
b,b,ch,2793
b,b,ch,2794
d5,cr,ch,2795
b,b,ch,2796
b,b,ch,2797
b,b,ch,2798
b,b,ch,2799
b,b,ch,2800
b,b,ch,2808
b,b,ch,2809
b,b,ch,2810
d2,cr,ch,2811
b,b,ch,2812
b,b,ch,2813
b,b,ch,2814
b,b,ch,2815
b,b,ch,2816
b,b,ch,2830
b,b,ch,2831
b,b,ch,2832
d1,cr,ch,2833
b,b,ch,2834
b,b,ch,2835
b,b,ch,2836
b,b,ch,2837
b,b,ch,2838
b,b,ch,2858
b,b,ch,2859
b,b,ch,2860
d4,ta,ch,2861
b,b,ch,2862
b,b,ch,2863
b,b,ch,2864
b,b,ch,2865
b,b,ch,2866
b,b,ch,2874
b,b,ch,2875
b,b,ch,2876
d2,ta,ch,2877
b,b,ch,2878
b,b,ch,2879
b,b,ch,2880
b,b,ch,2881
b,b,ch,2882
b,b,ch,2896
b,b,ch,2897
b,b,ch,2898
d5,ta,ch,2899
b,b,ch,2900
b,b,ch,2901
b,b,ch,2902
b,b,ch,2903
b,b,ch,2904
b,b,ch,2918
b,b,ch,2919
b,b,ch,2920
d3,ta,ch,2921
b,b,ch,2922
b,b,ch,2923
b,b,ch,2924
b,b,ch,2925
b,b,ch,2926
b,b,ch,2934
b,b,ch,2935
b,b,ch,2936
d1,ta,ch,2937
b,b,ch,2938
b,b,ch,2939
b,b,ch,2940
b,b,ch,2941
b,b,ch,2942
b,b,ch,2962
b,b,ch,2963
b,b,ch,2964
d4,tp,ch,2965
b,b,ch,2966
b,b,ch,2967
b,b,ch,2968
b,b,ch,2969
b,b,ch,2970
b,b,ch,2990
b,b,ch,2991
b,b,ch,2992
d1,tp,ch,2993
b,b,ch,2994
b,b,ch,2995
b,b,ch,2996
b,b,ch,2997
b,b,ch,2998
b,b,ch,3006
b,b,ch,3007
b,b,ch,3008
d3,tp,ch,3009
b,b,ch,3010
b,b,ch,3011
b,b,ch,3012
b,b,ch,3013
b,b,ch,3014
b,b,ch,3034
b,b,ch,3035
b,b,ch,3036
d2,tp,ch,3037
b,b,ch,3038
b,b,ch,3039
b,b,ch,3040
b,b,ch,3041
b,b,ch,3042
b,b,ch,3056
b,b,ch,3057
b,b,ch,3058
d5,tp,ch,3059
b,b,ch,3060
b,b,ch,3061
b,b,ch,3062
b,b,ch,3063
b,b,ch,3064
b,b,id,3084
b,b,id,3085
b,b,id,3086
d4,cr,id,3087
b,b,id,3088
b,b,id,3089
b,b,id,3090
b,b,id,3091
b,b,id,3092
b,b,id,3112
b,b,id,3113
b,b,id,3114
d3,cr,id,3115
b,b,id,3116
b,b,id,3117
b,b,id,3118
b,b,id,3119
b,b,id,3120
b,b,id,3134
b,b,id,3135
b,b,id,3136
d5,cr,id,3137
b,b,id,3138
b,b,id,3139
b,b,id,3140
b,b,id,3141
b,b,id,3142
b,b,id,3150
b,b,id,3151
b,b,id,3152
d2,cr,id,3153
b,b,id,3154
b,b,id,3155
b,b,id,3156
b,b,id,3157
b,b,id,3158
b,b,id,3172
b,b,id,3173
b,b,id,3174
d1,cr,id,3175
b,b,id,3176
b,b,id,3177
b,b,id,3178
b,b,id,3179
b,b,id,3180
b,b,id,3200
b,b,id,3201
b,b,id,3202
d4,ta,id,3203
b,b,id,3204
b,b,id,3205
b,b,id,3206
b,b,id,3207
b,b,id,3208
b,b,id,3216
b,b,id,3217
b,b,id,3218
d2,ta,id,3219
b,b,id,3220
b,b,id,3221
b,b,id,3222
b,b,id,3223
b,b,id,3224
b,b,id,3238
b,b,id,3239
b,b,id,3240
d5,ta,id,3241
b,b,id,3242
b,b,id,3243
b,b,id,3244
b,b,id,3245
b,b,id,3246
b,b,id,3260
b,b,id,3261
b,b,id,3262
d3,ta,id,3263
b,b,id,3264
b,b,id,3265
b,b,id,3266
b,b,id,3267
b,b,id,3268
b,b,id,3276
b,b,id,3277
b,b,id,3278
d1,ta,id,3279
b,b,id,3280
b,b,id,3281
b,b,id,3282
b,b,id,3283
b,b,id,3284
b,b,id,3304
b,b,id,3305
b,b,id,3306
d4,tp,id,3307
b,b,id,3308
b,b,id,3309
b,b,id,3310
b,b,id,3311
b,b,id,3312
b,b,id,3332
b,b,id,3333
b,b,id,3334
d1,tp,id,3335
b,b,id,3336
b,b,id,3337
b,b,id,3338
b,b,id,3339
b,b,id,3340
b,b,id,3348
b,b,id,3349
b,b,id,3350
d3,tp,id,3351
b,b,id,3352
b,b,id,3353
b,b,id,3354
b,b,id,3355
b,b,id,3356
b,b,id,3376
b,b,id,3377
b,b,id,3378
d2,tp,id,3379
b,b,id,3380
b,b,id,3381
b,b,id,3382
b,b,id,3383
b,b,id,3384
b,b,id,3398
b,b,id,3399
b,b,id,3400
d5,tp,id,3401
b,b,id,3402
b,b,id,3403
b,b,id,3404
b,b,id,3405
b,b,id,3406
b,b,ch,3426
b,b,ch,3427
b,b,ch,3428
d4,cr,ch,3429
b,b,ch,3430
b,b,ch,3431
b,b,ch,3432
b,b,ch,3433
b,b,ch,3434
b,b,ch,3454
b,b,ch,3455
b,b,ch,3456
d3,cr,ch,3457
b,b,ch,3458
b,b,ch,3459
b,b,ch,3460
b,b,ch,3461
b,b,ch,3462
b,b,ch,3476
b,b,ch,3477
b,b,ch,3478
d5,cr,ch,3479
b,b,ch,3480
b,b,ch,3481
b,b,ch,3482
b,b,ch,3483
b,b,ch,3484
b,b,ch,3492
b,b,ch,3493
b,b,ch,3494
d2,cr,ch,3495
b,b,ch,3496
b,b,ch,3497
b,b,ch,3498
b,b,ch,3499
b,b,ch,3500
b,b,ch,3514
b,b,ch,3515
b,b,ch,3516
d1,cr,ch,3517
b,b,ch,3518
b,b,ch,3519
b,b,ch,3520
b,b,ch,3521
b,b,ch,3522
b,b,ch,3542
b,b,ch,3543
b,b,ch,3544
d4,ta,ch,3545
b,b,ch,3546
b,b,ch,3547
b,b,ch,3548
b,b,ch,3549
b,b,ch,3550
b,b,ch,3558
b,b,ch,3559
b,b,ch,3560
d2,ta,ch,3561
b,b,ch,3562
b,b,ch,3563
b,b,ch,3564
b,b,ch,3565
b,b,ch,3566
b,b,ch,3580
b,b,ch,3581
b,b,ch,3582
d5,ta,ch,3583
b,b,ch,3584
b,b,ch,3585
b,b,ch,3586
b,b,ch,3587
b,b,ch,3588
b,b,ch,3602
b,b,ch,3603
b,b,ch,3604
d3,ta,ch,3605
b,b,ch,3606
b,b,ch,3607
b,b,ch,3608
b,b,ch,3609
b,b,ch,3610
b,b,ch,3618
b,b,ch,3619
b,b,ch,3620
d1,ta,ch,3621
b,b,ch,3622
b,b,ch,3623
b,b,ch,3624
b,b,ch,3625
b,b,ch,3626
b,b,ch,3646
b,b,ch,3647
b,b,ch,3648
d4,tp,ch,3649
b,b,ch,3650
b,b,ch,3651
b,b,ch,3652
b,b,ch,3653
b,b,ch,3654
b,b,ch,3674
b,b,ch,3675
b,b,ch,3676
d1,tp,ch,3677
b,b,ch,3678
b,b,ch,3679
b,b,ch,3680
b,b,ch,3681
b,b,ch,3682
b,b,ch,3690
b,b,ch,3691
b,b,ch,3692
d3,tp,ch,3693
b,b,ch,3694
b,b,ch,3695
b,b,ch,3696
b,b,ch,3697
b,b,ch,3698
b,b,ch,3718
b,b,ch,3719
b,b,ch,3720
d2,tp,ch,3721
b,b,ch,3722
b,b,ch,3723
b,b,ch,3724
b,b,ch,3725
b,b,ch,3726
b,b,ch,3740
b,b,ch,3741
b,b,ch,3742
d5,tp,ch,3743
b,b,ch,3744
b,b,ch,3745
b,b,ch,3746
b,b,ch,3747
b,b,ch,3748
b,b,id,3768
b,b,id,3769
b,b,id,3770
d4,cr,id,3771
b,b,id,3772
b,b,id,3773
b,b,id,3774
b,b,id,3775
b,b,id,3776
b,b,id,3796
b,b,id,3797
b,b,id,3798
d3,cr,id,3799
b,b,id,3800
b,b,id,3801
b,b,id,3802
b,b,id,3803
b,b,id,3804
b,b,id,3818
b,b,id,3819
b,b,id,3820
d5,cr,id,3821
b,b,id,3822
b,b,id,3823
b,b,id,3824
b,b,id,3825
b,b,id,3826
b,b,id,3834
b,b,id,3835
b,b,id,3836
d2,cr,id,3837
b,b,id,3838
b,b,id,3839
b,b,id,3840
b,b,id,3841
b,b,id,3842
b,b,id,3856
b,b,id,3857
b,b,id,3858
d1,cr,id,3859
b,b,id,3860
b,b,id,3861
b,b,id,3862
b,b,id,3863
b,b,id,3864
b,b,id,3884
b,b,id,3885
b,b,id,3886
d4,ta,id,3887
b,b,id,3888
b,b,id,3889
b,b,id,3890
b,b,id,3891
b,b,id,3892
b,b,id,3900
b,b,id,3901
b,b,id,3902
d2,ta,id,3903
b,b,id,3904
b,b,id,3905
b,b,id,3906
b,b,id,3907
b,b,id,3908
b,b,id,3922
b,b,id,3923
b,b,id,3924
d5,ta,id,3925
b,b,id,3926
b,b,id,3927
b,b,id,3928
b,b,id,3929
b,b,id,3930
b,b,id,3944
b,b,id,3945
b,b,id,3946
d3,ta,id,3947
b,b,id,3948
b,b,id,3949
b,b,id,3950
b,b,id,3951
b,b,id,3952
b,b,id,3960
b,b,id,3961
b,b,id,3962
d1,ta,id,3963
b,b,id,3964
b,b,id,3965
b,b,id,3966
b,b,id,3967
b,b,id,3968
b,b,id,3988
b,b,id,3989
b,b,id,3990
d4,tp,id,3991
b,b,id,3992
b,b,id,3993
b,b,id,3994
b,b,id,3995
b,b,id,3996
b,b,id,4016
b,b,id,4017
b,b,id,4018
d1,tp,id,4019
b,b,id,4020
b,b,id,4021
b,b,id,4022
b,b,id,4023
b,b,id,4024
b,b,id,4032
b,b,id,4033
b,b,id,4034
d3,tp,id,4035
b,b,id,4036
b,b,id,4037
b,b,id,4038
b,b,id,4039
b,b,id,4040
b,b,id,4060
b,b,id,4061
b,b,id,4062
d2,tp,id,4063
b,b,id,4064
b,b,id,4065
b,b,id,4066
b,b,id,4067
b,b,id,4068
b,b,id,4082
b,b,id,4083
b,b,id,4084
d5,tp,id,4085
b,b,id,4086
b,b,id,4087
b,b,id,4088
b,b,id,4089
b,b,id,4090
b,b,ch,4110
b,b,ch,4111
b,b,ch,4112
d4,cr,ch,4113
b,b,ch,4114
b,b,ch,4115
b,b,ch,4116
b,b,ch,4117
b,b,ch,4118
b,b,ch,4138
b,b,ch,4139
b,b,ch,4140
d3,cr,ch,4141
b,b,ch,4142
b,b,ch,4143
b,b,ch,4144
b,b,ch,4145
b,b,ch,4146
b,b,ch,4160
b,b,ch,4161
b,b,ch,4162
d5,cr,ch,4163
b,b,ch,4164
b,b,ch,4165
b,b,ch,4166
b,b,ch,4167
b,b,ch,4168
b,b,ch,4176
b,b,ch,4177
b,b,ch,4178
d2,cr,ch,4179
b,b,ch,4180
b,b,ch,4181
b,b,ch,4182
b,b,ch,4183
b,b,ch,4184
b,b,ch,4198
b,b,ch,4199
b,b,ch,4200
d1,cr,ch,4201
b,b,ch,4202
b,b,ch,4203
b,b,ch,4204
b,b,ch,4205
b,b,ch,4206
b,b,ch,4226
b,b,ch,4227
b,b,ch,4228
d4,ta,ch,4229
b,b,ch,4230
b,b,ch,4231
b,b,ch,4232
b,b,ch,4233
b,b,ch,4234
b,b,ch,4242
b,b,ch,4243
b,b,ch,4244
d2,ta,ch,4245
b,b,ch,4246
b,b,ch,4247
b,b,ch,4248
b,b,ch,4249
b,b,ch,4250
b,b,ch,4264
b,b,ch,4265
b,b,ch,4266
d5,ta,ch,4267
b,b,ch,4268
b,b,ch,4269
b,b,ch,4270
b,b,ch,4271
b,b,ch,4272
b,b,ch,4286
b,b,ch,4287
b,b,ch,4288
d3,ta,ch,4289
b,b,ch,4290
b,b,ch,4291
b,b,ch,4292
b,b,ch,4293
b,b,ch,4294
b,b,ch,4302
b,b,ch,4303
b,b,ch,4304
d1,ta,ch,4305
b,b,ch,4306
b,b,ch,4307
b,b,ch,4308
b,b,ch,4309
b,b,ch,4310
b,b,ch,4330
b,b,ch,4331
b,b,ch,4332
d4,tp,ch,4333
b,b,ch,4334
b,b,ch,4335
b,b,ch,4336
b,b,ch,4337
b,b,ch,4338
b,b,ch,4358
b,b,ch,4359
b,b,ch,4360
d1,tp,ch,4361
b,b,ch,4362
b,b,ch,4363
b,b,ch,4364
b,b,ch,4365
b,b,ch,4366
b,b,ch,4374
b,b,ch,4375
b,b,ch,4376
d3,tp,ch,4377
b,b,ch,4378
b,b,ch,4379
b,b,ch,4380
b,b,ch,4381
b,b,ch,4382
b,b,ch,4402
b,b,ch,4403
b,b,ch,4404
d2,tp,ch,4405
b,b,ch,4406
b,b,ch,4407
b,b,ch,4408
b,b,ch,4409
b,b,ch,4410
b,b,ch,4424
b,b,ch,4425
b,b,ch,4426
d5,tp,ch,4427
b,b,ch,4428
b,b,ch,4429
b,b,ch,4430
b,b,ch,4431
b,b,ch,4432
b,b,id,4452
b,b,id,4453
b,b,id,4454
d4,cr,id,4455
b,b,id,4456
b,b,id,4457
b,b,id,4458
b,b,id,4459
b,b,id,4460
b,b,id,4480
b,b,id,4481
b,b,id,4482
d3,cr,id,4483
b,b,id,4484
b,b,id,4485
b,b,id,4486
b,b,id,4487
b,b,id,4488
b,b,id,4502
b,b,id,4503
b,b,id,4504
d5,cr,id,4505
b,b,id,4506
b,b,id,4507
b,b,id,4508
b,b,id,4509
b,b,id,4510
b,b,id,4518
b,b,id,4519
b,b,id,4520
d2,cr,id,4521
b,b,id,4522
b,b,id,4523
b,b,id,4524
b,b,id,4525
b,b,id,4526
b,b,id,4540
b,b,id,4541
b,b,id,4542
d1,cr,id,4543
b,b,id,4544
b,b,id,4545
b,b,id,4546
b,b,id,4547
b,b,id,4548
b,b,id,4568
b,b,id,4569
b,b,id,4570
d4,ta,id,4571
b,b,id,4572
b,b,id,4573
b,b,id,4574
b,b,id,4575
b,b,id,4576
b,b,id,4584
b,b,id,4585
b,b,id,4586
d2,ta,id,4587
b,b,id,4588
b,b,id,4589
b,b,id,4590
b,b,id,4591
b,b,id,4592
b,b,id,4606
b,b,id,4607
b,b,id,4608
d5,ta,id,4609
b,b,id,4610
b,b,id,4611
b,b,id,4612
b,b,id,4613
b,b,id,4614
b,b,id,4628
b,b,id,4629
b,b,id,4630
d3,ta,id,4631
b,b,id,4632
b,b,id,4633
b,b,id,4634
b,b,id,4635
b,b,id,4636
b,b,id,4644
b,b,id,4645
b,b,id,4646
d1,ta,id,4647
b,b,id,4648
b,b,id,4649
b,b,id,4650
b,b,id,4651
b,b,id,4652
b,b,id,4672
b,b,id,4673
b,b,id,4674
d4,tp,id,4675
b,b,id,4676
b,b,id,4677
b,b,id,4678
b,b,id,4679
b,b,id,4680
b,b,id,4700
b,b,id,4701
b,b,id,4702
d1,tp,id,4703
b,b,id,4704
b,b,id,4705
b,b,id,4706
b,b,id,4707
b,b,id,4708
b,b,id,4716
b,b,id,4717
b,b,id,4718
d3,tp,id,4719
b,b,id,4720
b,b,id,4721
b,b,id,4722
b,b,id,4723
b,b,id,4724
b,b,id,4744
b,b,id,4745
b,b,id,4746
d2,tp,id,4747
b,b,id,4748
b,b,id,4749
b,b,id,4750
b,b,id,4751
b,b,id,4752
b,b,id,4766
b,b,id,4767
b,b,id,4768
d5,tp,id,4769
b,b,id,4770
b,b,id,4771
b,b,id,4772
b,b,id,4773
b,b,id,4774
b,b,ch,4794
b,b,ch,4795
b,b,ch,4796
d4,cr,ch,4797
b,b,ch,4798
b,b,ch,4799
b,b,ch,4800
b,b,ch,4801
b,b,ch,4802
b,b,ch,4822
b,b,ch,4823
b,b,ch,4824
d3,cr,ch,4825
b,b,ch,4826
b,b,ch,4827
b,b,ch,4828
b,b,ch,4829
b,b,ch,4830
b,b,ch,4844
b,b,ch,4845
b,b,ch,4846
d5,cr,ch,4847
b,b,ch,4848
b,b,ch,4849
b,b,ch,4850
b,b,ch,4851
b,b,ch,4852
b,b,ch,4860
b,b,ch,4861
b,b,ch,4862
d2,cr,ch,4863
b,b,ch,4864
b,b,ch,4865
b,b,ch,4866
b,b,ch,4867
b,b,ch,4868
b,b,ch,4882
b,b,ch,4883
b,b,ch,4884
d1,cr,ch,4885
b,b,ch,4886
b,b,ch,4887
b,b,ch,4888
b,b,ch,4889
b,b,ch,4890
b,b,ch,4910
b,b,ch,4911
b,b,ch,4912
d4,ta,ch,4913
b,b,ch,4914
b,b,ch,4915
b,b,ch,4916
b,b,ch,4917
b,b,ch,4918
b,b,ch,4926
b,b,ch,4927
b,b,ch,4928
d2,ta,ch,4929
b,b,ch,4930
b,b,ch,4931
b,b,ch,4932
b,b,ch,4933
b,b,ch,4934
b,b,ch,4948
b,b,ch,4949
b,b,ch,4950
d5,ta,ch,4951
b,b,ch,4952
b,b,ch,4953
b,b,ch,4954
b,b,ch,4955
b,b,ch,4956
b,b,ch,4970
b,b,ch,4971
b,b,ch,4972
d3,ta,ch,4973
b,b,ch,4974
b,b,ch,4975
b,b,ch,4976
b,b,ch,4977
b,b,ch,4978
b,b,ch,4986
b,b,ch,4987
b,b,ch,4988
d1,ta,ch,4989
b,b,ch,4990
b,b,ch,4991
b,b,ch,4992
b,b,ch,4993
b,b,ch,4994
b,b,ch,5014
b,b,ch,5015
b,b,ch,5016
d4,tp,ch,5017
b,b,ch,5018
b,b,ch,5019
b,b,ch,5020
b,b,ch,5021
b,b,ch,5022
b,b,ch,5042
b,b,ch,5043
b,b,ch,5044
d1,tp,ch,5045
b,b,ch,5046
b,b,ch,5047
b,b,ch,5048
b,b,ch,5049
b,b,ch,5050
b,b,ch,5058
b,b,ch,5059
b,b,ch,5060
d3,tp,ch,5061
b,b,ch,5062
b,b,ch,5063
b,b,ch,5064
b,b,ch,5065
b,b,ch,5066
b,b,ch,5086
b,b,ch,5087
b,b,ch,5088
d2,tp,ch,5089
b,b,ch,5090
b,b,ch,5091
b,b,ch,5092
b,b,ch,5093
b,b,ch,5094
b,b,ch,5108
b,b,ch,5109
b,b,ch,5110
d5,tp,ch,5111
b,b,ch,5112
b,b,ch,5113
b,b,ch,5114
b,b,ch,5115
b,b,ch,5116
b,b,id,5136
b,b,id,5137
b,b,id,5138
d4,cr,id,5139
b,b,id,5140
b,b,id,5141
b,b,id,5142
b,b,id,5143
b,b,id,5144
b,b,id,5164
b,b,id,5165
b,b,id,5166
d3,cr,id,5167
b,b,id,5168
b,b,id,5169
b,b,id,5170
b,b,id,5171
b,b,id,5172
b,b,id,5186
b,b,id,5187
b,b,id,5188
d5,cr,id,5189
b,b,id,5190
b,b,id,5191
b,b,id,5192
b,b,id,5193
b,b,id,5194
b,b,id,5202
b,b,id,5203
b,b,id,5204
d2,cr,id,5205
b,b,id,5206
b,b,id,5207
b,b,id,5208
b,b,id,5209
b,b,id,5210
b,b,id,5224
b,b,id,5225
b,b,id,5226
d1,cr,id,5227
b,b,id,5228
b,b,id,5229
b,b,id,5230
b,b,id,5231
b,b,id,5232
b,b,id,5252
b,b,id,5253
b,b,id,5254
d4,ta,id,5255
b,b,id,5256
b,b,id,5257
b,b,id,5258
b,b,id,5259
b,b,id,5260
b,b,id,5268
b,b,id,5269
b,b,id,5270
d2,ta,id,5271
b,b,id,5272
b,b,id,5273
b,b,id,5274
b,b,id,5275
b,b,id,5276
b,b,id,5290
b,b,id,5291
b,b,id,5292
d5,ta,id,5293
b,b,id,5294
b,b,id,5295
b,b,id,5296
b,b,id,5297
b,b,id,5298
b,b,id,5312
b,b,id,5313
b,b,id,5314
d3,ta,id,5315
b,b,id,5316
b,b,id,5317
b,b,id,5318
b,b,id,5319
b,b,id,5320
b,b,id,5328
b,b,id,5329
b,b,id,5330
d1,ta,id,5331
b,b,id,5332
b,b,id,5333
b,b,id,5334
b,b,id,5335
b,b,id,5336
b,b,id,5356
b,b,id,5357
b,b,id,5358
d4,tp,id,5359
b,b,id,5360
b,b,id,5361
b,b,id,5362
b,b,id,5363
b,b,id,5364
b,b,id,5384
b,b,id,5385
b,b,id,5386
d1,tp,id,5387
b,b,id,5388
b,b,id,5389
b,b,id,5390
b,b,id,5391
b,b,id,5392
b,b,id,5400
b,b,id,5401
b,b,id,5402
d3,tp,id,5403
b,b,id,5404
b,b,id,5405
b,b,id,5406
b,b,id,5407
b,b,id,5408
b,b,id,5428
b,b,id,5429
b,b,id,5430
d2,tp,id,5431
b,b,id,5432
b,b,id,5433
b,b,id,5434
b,b,id,5435
b,b,id,5436
b,b,id,5450
b,b,id,5451
b,b,id,5452
d5,tp,id,5453
b,b,id,5454
b,b,id,5455
b,b,id,5456
b,b,id,5457
b,b,id,5458
